{
    "avg_nDCG@3": 0.08735408456392454,
    "avg_Hit@3": 0.12430200925881735
}